{
  "Total" : {
    "transaction" : "Total",
    "sampleCount" : 600,
    "errorCount" : 0,
    "errorPct" : 0.0,
    "meanResTime" : 896.783333333333,
    "medianResTime" : 682.5,
    "minResTime" : 29.0,
    "maxResTime" : 6740.0,
    "pct1ResTime" : 1656.2999999999997,
    "pct2ResTime" : 2749.449999999998,
    "pct3ResTime" : 4938.980000000003,
    "throughput" : 18.35255253418163,
    "receivedKBytesPerSec" : 16.12419898755085,
    "sentKBytesPerSec" : 4.086310525188878
  },
  "Buy product" : {
    "transaction" : "Buy product",
    "sampleCount" : 200,
    "errorCount" : 0,
    "errorPct" : 0.0,
    "meanResTime" : 1281.9899999999996,
    "medianResTime" : 840.5,
    "minResTime" : 169.0,
    "maxResTime" : 6740.0,
    "pct1ResTime" : 2962.8,
    "pct2ResTime" : 3990.749999999999,
    "pct3ResTime" : 6727.420000000011,
    "throughput" : 6.16180910715386,
    "receivedKBytesPerSec" : 7.202817872327316,
    "sentKBytesPerSec" : 1.4140870509581613
  },
  "Login" : {
    "transaction" : "Login",
    "sampleCount" : 200,
    "errorCount" : 0,
    "errorPct" : 0.0,
    "meanResTime" : 846.9550000000003,
    "medianResTime" : 664.0,
    "minResTime" : 140.0,
    "maxResTime" : 5744.0,
    "pct1ResTime" : 1542.8,
    "pct2ResTime" : 2165.149999999999,
    "pct3ResTime" : 4545.230000000004,
    "throughput" : 6.1568772318679965,
    "receivedKBytesPerSec" : 2.8980613532816153,
    "sentKBytesPerSec" : 1.665483391823667
  },
  "Buy product ID" : {
    "transaction" : "Buy product ID",
    "sampleCount" : 200,
    "errorCount" : 0,
    "errorPct" : 0.0,
    "meanResTime" : 561.4050000000002,
    "medianResTime" : 510.0,
    "minResTime" : 29.0,
    "maxResTime" : 2219.0,
    "pct1ResTime" : 885.5000000000002,
    "pct2ResTime" : 1427.4499999999994,
    "pct3ResTime" : 2048.370000000001,
    "throughput" : 6.234997038376407,
    "receivedKBytesPerSec" : 6.210641581195249,
    "sentKBytesPerSec" : 1.047284658789787
  }
}