{
  "Get profile" : {
    "transaction" : "Get profile",
    "sampleCount" : 200,
    "errorCount" : 0,
    "errorPct" : 0.0,
    "meanResTime" : 1789.124999999999,
    "medianResTime" : 1185.5,
    "minResTime" : 39.0,
    "maxResTime" : 112876.0,
    "pct1ResTime" : 1977.3000000000002,
    "pct2ResTime" : 2367.149999999999,
    "pct3ResTime" : 3559.290000000002,
    "throughput" : 1.1791966133473264,
    "receivedKBytesPerSec" : 1.7562371670243564,
    "sentKBytesPerSec" : 0.7682166530567724
  },
  "Register" : {
    "transaction" : "Register",
    "sampleCount" : 200,
    "errorCount" : 199,
    "errorPct" : 99.5,
    "meanResTime" : 1757.28,
    "medianResTime" : 1702.0,
    "minResTime" : 309.0,
    "maxResTime" : 13009.0,
    "pct1ResTime" : 2449.7,
    "pct2ResTime" : 2591.85,
    "pct3ResTime" : 4196.040000000005,
    "throughput" : 1.1708025265918525,
    "receivedKBytesPerSec" : 0.7187286877352581,
    "sentKBytesPerSec" : 0.8534052791485923
  },
  "Total" : {
    "transaction" : "Total",
    "sampleCount" : 800,
    "errorCount" : 199,
    "errorPct" : 24.875,
    "meanResTime" : 1812.7900000000002,
    "medianResTime" : 1579.5,
    "minResTime" : 37.0,
    "maxResTime" : 112876.0,
    "pct1ResTime" : 2633.6,
    "pct2ResTime" : 3047.95,
    "pct3ResTime" : 4200.540000000001,
    "throughput" : 4.655683134205886,
    "receivedKBytesPerSec" : 6.478463782786194,
    "sentKBytesPerSec" : 13.337151160210786
  },
  "Login" : {
    "transaction" : "Login",
    "sampleCount" : 200,
    "errorCount" : 0,
    "errorPct" : 0.0,
    "meanResTime" : 1456.5800000000004,
    "medianResTime" : 1313.5,
    "minResTime" : 37.0,
    "maxResTime" : 6337.0,
    "pct1ResTime" : 2559.0,
    "pct2ResTime" : 2982.85,
    "pct3ResTime" : 5457.880000000004,
    "throughput" : 1.173881144534116,
    "receivedKBytesPerSec" : 2.316512289068232,
    "sentKBytesPerSec" : 0.8399956438004402
  },
  "Update profile" : {
    "transaction" : "Update profile",
    "sampleCount" : 200,
    "errorCount" : 0,
    "errorPct" : 0.0,
    "meanResTime" : 2248.174999999999,
    "medianResTime" : 2096.5,
    "minResTime" : 930.0,
    "maxResTime" : 9550.0,
    "pct1ResTime" : 3137.5,
    "pct2ResTime" : 3491.85,
    "pct3ResTime" : 4337.160000000003,
    "throughput" : 1.1677604689726044,
    "receivedKBytesPerSec" : 1.7393358836735409,
    "sentKBytesPerSec" : 10.933579335456711
  }
}