{
  "Total" : {
    "transaction" : "Total",
    "sampleCount" : 400,
    "errorCount" : 0,
    "errorPct" : 0.0,
    "meanResTime" : 745.1949999999996,
    "medianResTime" : 103.5,
    "minResTime" : 24.0,
    "maxResTime" : 23889.0,
    "pct1ResTime" : 1653.8000000000052,
    "pct2ResTime" : 3023.6999999999975,
    "pct3ResTime" : 17333.210000000043,
    "throughput" : 8.110628979277344,
    "receivedKBytesPerSec" : 13.074706179792368,
    "sentKBytesPerSec" : 5.6936773845249204
  },
  "Update offer" : {
    "transaction" : "Update offer",
    "sampleCount" : 200,
    "errorCount" : 0,
    "errorPct" : 0.0,
    "meanResTime" : 433.5399999999999,
    "medianResTime" : 45.5,
    "minResTime" : 24.0,
    "maxResTime" : 20230.0,
    "pct1ResTime" : 853.0000000000005,
    "pct2ResTime" : 1405.2999999999997,
    "pct3ResTime" : 17256.61000000011,
    "throughput" : 4.112011184670423,
    "receivedKBytesPerSec" : 4.8895587683498505,
    "sentKBytesPerSec" : 2.95129162126321
  },
  "Login" : {
    "transaction" : "Login",
    "sampleCount" : 200,
    "errorCount" : 0,
    "errorPct" : 0.0,
    "meanResTime" : 1056.8500000000001,
    "medianResTime" : 117.5,
    "minResTime" : 79.0,
    "maxResTime" : 23889.0,
    "pct1ResTime" : 2522.5000000000005,
    "pct2ResTime" : 4339.2,
    "pct3ResTime" : 20353.70000000007,
    "throughput" : 4.0586062746053,
    "receivedKBytesPerSec" : 8.259263768821787,
    "sentKBytesPerSec" : 2.7853374604285888
  }
}