{
  "PUT Buyer order" : {
    "transaction" : "PUT Buyer order",
    "sampleCount" : 200,
    "errorCount" : 199,
    "errorPct" : 99.5,
    "meanResTime" : 1107.730000000001,
    "medianResTime" : 720.5,
    "minResTime" : 112.0,
    "maxResTime" : 6440.0,
    "pct1ResTime" : 2421.1000000000004,
    "pct2ResTime" : 3353.349999999999,
    "pct3ResTime" : 5065.800000000003,
    "throughput" : 4.317975732976381,
    "receivedKBytesPerSec" : 1.3992729271017748,
    "sentKBytesPerSec" : 1.766827961051859
  },
  "PUT Buy order ID" : {
    "transaction" : "PUT Buy order ID",
    "sampleCount" : 200,
    "errorCount" : 0,
    "errorPct" : 0.0,
    "meanResTime" : 392.0849999999999,
    "medianResTime" : 339.0,
    "minResTime" : 60.0,
    "maxResTime" : 1991.0,
    "pct1ResTime" : 728.8,
    "pct2ResTime" : 1087.8499999999995,
    "pct3ResTime" : 1498.4000000000015,
    "throughput" : 4.413744400061793,
    "receivedKBytesPerSec" : 5.0775301789773355,
    "sentKBytesPerSec" : 1.5473967183810384
  },
  "Total" : {
    "transaction" : "Total",
    "sampleCount" : 1000,
    "errorCount" : 199,
    "errorPct" : 19.9,
    "meanResTime" : 774.6609999999996,
    "medianResTime" : 420.0,
    "minResTime" : 60.0,
    "maxResTime" : 8330.0,
    "pct1ResTime" : 1877.3999999999996,
    "pct2ResTime" : 2654.4499999999994,
    "pct3ResTime" : 5044.55,
    "throughput" : 20.892528831689788,
    "receivedKBytesPerSec" : 41.01315625391735,
    "sentKBytesPerSec" : 7.059389624770183
  },
  "GET Buyer order ID" : {
    "transaction" : "GET Buyer order ID",
    "sampleCount" : 200,
    "errorCount" : 0,
    "errorPct" : 0.0,
    "meanResTime" : 698.0950000000006,
    "medianResTime" : 399.0,
    "minResTime" : 115.0,
    "maxResTime" : 4632.0,
    "pct1ResTime" : 1869.5000000000005,
    "pct2ResTime" : 2304.5999999999995,
    "pct3ResTime" : 4180.970000000002,
    "throughput" : 4.396763981709462,
    "receivedKBytesPerSec" : 5.057996064896236,
    "sentKBytesPerSec" : 1.5414436224938446
  },
  "GET Buyer order" : {
    "transaction" : "GET Buyer order",
    "sampleCount" : 200,
    "errorCount" : 0,
    "errorPct" : 0.0,
    "meanResTime" : 1098.0350000000003,
    "medianResTime" : 470.0,
    "minResTime" : 120.0,
    "maxResTime" : 8330.0,
    "pct1ResTime" : 2745.6,
    "pct2ResTime" : 4136.799999999999,
    "pct3ResTime" : 6956.720000000002,
    "throughput" : 4.400827355542842,
    "receivedKBytesPerSec" : 29.57235647801787,
    "sentKBytesPerSec" : 1.358067816749549
  },
  "Login" : {
    "transaction" : "Login",
    "sampleCount" : 200,
    "errorCount" : 0,
    "errorPct" : 0.0,
    "meanResTime" : 577.3599999999999,
    "medianResTime" : 368.0,
    "minResTime" : 136.0,
    "maxResTime" : 6192.0,
    "pct1ResTime" : 1302.6000000000008,
    "pct2ResTime" : 1898.1499999999996,
    "pct3ResTime" : 4977.60000000002,
    "throughput" : 4.395604395604396,
    "receivedKBytesPerSec" : 2.0690247252747254,
    "sentKBytesPerSec" : 1.1890453296703296
  }
}