{
  "List product" : {
    "transaction" : "List product",
    "sampleCount" : 200,
    "errorCount" : 0,
    "errorPct" : 0.0,
    "meanResTime" : 1369.4899999999998,
    "medianResTime" : 1052.0,
    "minResTime" : 100.0,
    "maxResTime" : 17880.0,
    "pct1ResTime" : 2333.0,
    "pct2ResTime" : 3221.6999999999953,
    "pct3ResTime" : 7879.3100000000095,
    "throughput" : 1.4500634402755121,
    "receivedKBytesPerSec" : 17.093458288018848,
    "sentKBytesPerSec" : 1.095180238354178
  },
  "Total" : {
    "transaction" : "Total",
    "sampleCount" : 1200,
    "errorCount" : 58,
    "errorPct" : 4.8333335,
    "meanResTime" : 1864.755833333334,
    "medianResTime" : 1425.5,
    "minResTime" : 56.0,
    "maxResTime" : 20916.0,
    "pct1ResTime" : 3368.100000000001,
    "pct2ResTime" : 4729.8,
    "pct3ResTime" : 9791.100000000004,
    "throughput" : 8.388440728675883,
    "receivedKBytesPerSec" : 72.8585364836006,
    "sentKBytesPerSec" : 491.0004755634236
  },
  "Get product" : {
    "transaction" : "Get product",
    "sampleCount" : 200,
    "errorCount" : 0,
    "errorPct" : 0.0,
    "meanResTime" : 922.7599999999995,
    "medianResTime" : 878.5,
    "minResTime" : 56.0,
    "maxResTime" : 2699.0,
    "pct1ResTime" : 1421.0,
    "pct2ResTime" : 1879.1499999999992,
    "pct3ResTime" : 2411.370000000001,
    "throughput" : 1.4697452931406987,
    "receivedKBytesPerSec" : 3.2451157952608063,
    "sentKBytesPerSec" : 1.03087418153559
  },
  "post product" : {
    "transaction" : "post product",
    "sampleCount" : 200,
    "errorCount" : 0,
    "errorPct" : 0.0,
    "meanResTime" : 2092.8250000000003,
    "medianResTime" : 1680.5,
    "minResTime" : 579.0,
    "maxResTime" : 12309.0,
    "pct1ResTime" : 3327.6000000000004,
    "pct2ResTime" : 4386.149999999998,
    "pct3ResTime" : 12039.660000000038,
    "throughput" : 1.4326134450771821,
    "receivedKBytesPerSec" : 3.3644590988861434,
    "sentKBytesPerSec" : 188.2677772778554
  },
  "Login" : {
    "transaction" : "Login",
    "sampleCount" : 200,
    "errorCount" : 0,
    "errorPct" : 0.0,
    "meanResTime" : 1456.2849999999996,
    "medianResTime" : 1112.5,
    "minResTime" : 99.0,
    "maxResTime" : 13713.0,
    "pct1ResTime" : 2457.5,
    "pct2ResTime" : 3560.999999999996,
    "pct3ResTime" : 8252.570000000007,
    "throughput" : 1.431598236270973,
    "receivedKBytesPerSec" : 3.058796969843383,
    "sentKBytesPerSec" : 1.163103664712535
  },
  "Delete product" : {
    "transaction" : "Delete product",
    "sampleCount" : 200,
    "errorCount" : 0,
    "errorPct" : 0.0,
    "meanResTime" : 3314.21,
    "medianResTime" : 2584.5,
    "minResTime" : 356.0,
    "maxResTime" : 13319.0,
    "pct1ResTime" : 6971.0,
    "pct2ResTime" : 8022.399999999999,
    "pct3ResTime" : 12482.310000000016,
    "throughput" : 1.47508942729653,
    "receivedKBytesPerSec" : 47.0039982990375,
    "sentKBytesPerSec" : 1.0203758251281483
  },
  "update product" : {
    "transaction" : "update product",
    "sampleCount" : 200,
    "errorCount" : 58,
    "errorPct" : 29.0,
    "meanResTime" : 2032.964999999999,
    "medianResTime" : 1610.0,
    "minResTime" : 590.0,
    "maxResTime" : 20916.0,
    "pct1ResTime" : 3203.6,
    "pct2ResTime" : 4600.499999999995,
    "pct3ResTime" : 11661.000000000044,
    "throughput" : 1.4779016752015488,
    "receivedKBytesPerSec" : 2.611765448229104,
    "sentKBytesPerSec" : 320.4407772469648
  }
}