{
  "Total" : {
    "transaction" : "Total",
    "sampleCount" : 600,
    "errorCount" : 0,
    "errorPct" : 0.0,
    "meanResTime" : 578.9366666666663,
    "medianResTime" : 430.0,
    "minResTime" : 124.0,
    "maxResTime" : 15639.0,
    "pct1ResTime" : 753.3999999999996,
    "pct2ResTime" : 1487.5999999999995,
    "pct3ResTime" : 2791.9600000000028,
    "throughput" : 8.633714655730628,
    "receivedKBytesPerSec" : 23.081963518058853,
    "sentKBytesPerSec" : 6.049474107849485
  },
  "Create offer" : {
    "transaction" : "Create offer",
    "sampleCount" : 200,
    "errorCount" : 0,
    "errorPct" : 0.0,
    "meanResTime" : 687.5100000000003,
    "medianResTime" : 460.0,
    "minResTime" : 270.0,
    "maxResTime" : 15639.0,
    "pct1ResTime" : 1024.2000000000005,
    "pct2ResTime" : 1530.0,
    "pct3ResTime" : 12097.900000000092,
    "throughput" : 2.9310900723979247,
    "receivedKBytesPerSec" : 8.267663367053082,
    "sentKBytesPerSec" : 2.2238214727994845
  },
  "List offer" : {
    "transaction" : "List offer",
    "sampleCount" : 200,
    "errorCount" : 0,
    "errorPct" : 0.0,
    "meanResTime" : 516.7300000000001,
    "medianResTime" : 455.0,
    "minResTime" : 124.0,
    "maxResTime" : 4474.0,
    "pct1ResTime" : 560.0,
    "pct2ResTime" : 967.4999999999994,
    "pct3ResTime" : 2138.2000000000016,
    "throughput" : 2.9525960700946308,
    "receivedKBytesPerSec" : 9.523794694923012,
    "sentKBytesPerSec" : 1.8599913544296325
  },
  "Login" : {
    "transaction" : "Login",
    "sampleCount" : 200,
    "errorCount" : 0,
    "errorPct" : 0.0,
    "meanResTime" : 532.5699999999996,
    "medianResTime" : 364.5,
    "minResTime" : 240.0,
    "maxResTime" : 5928.0,
    "pct1ResTime" : 919.7000000000003,
    "pct2ResTime" : 1876.2499999999982,
    "pct3ResTime" : 3720.6500000000087,
    "throughput" : 2.9656870013938725,
    "receivedKBytesPerSec" : 5.854741114060322,
    "sentKBytesPerSec" : 2.115687511121326
  }
}