{
  "Sell product" : {
    "transaction" : "Sell product",
    "sampleCount" : 200,
    "errorCount" : 189,
    "errorPct" : 94.5,
    "meanResTime" : 2064.320000000001,
    "medianResTime" : 1448.0,
    "minResTime" : 169.0,
    "maxResTime" : 10933.0,
    "pct1ResTime" : 4675.400000000001,
    "pct2ResTime" : 5520.799999999999,
    "pct3ResTime" : 9171.350000000008,
    "throughput" : 2.3055286577212155,
    "receivedKBytesPerSec" : 0.7663969018017706,
    "sentKBytesPerSec" : 39.85251506158643
  },
  "Get product ID" : {
    "transaction" : "Get product ID",
    "sampleCount" : 200,
    "errorCount" : 0,
    "errorPct" : 0.0,
    "meanResTime" : 1903.9599999999998,
    "medianResTime" : 1549.0,
    "minResTime" : 139.0,
    "maxResTime" : 13560.0,
    "pct1ResTime" : 3379.7000000000007,
    "pct2ResTime" : 4399.249999999999,
    "pct3ResTime" : 7805.720000000005,
    "throughput" : 2.5048845248234057,
    "receivedKBytesPerSec" : 1.8566478069735985,
    "sentKBytesPerSec" : 0.8879619946395472
  },
  "Total" : {
    "transaction" : "Total",
    "sampleCount" : 800,
    "errorCount" : 189,
    "errorPct" : 23.625,
    "meanResTime" : 1819.5874999999994,
    "medianResTime" : 1387.5,
    "minResTime" : 139.0,
    "maxResTime" : 15510.0,
    "pct1ResTime" : 3360.0,
    "pct2ResTime" : 4641.549999999998,
    "pct3ResTime" : 8309.960000000005,
    "throughput" : 9.146829480231414,
    "receivedKBytesPerSec" : 17.47498869151746,
    "sentKBytesPerSec" : 41.76252302785781
  },
  "Get product" : {
    "transaction" : "Get product",
    "sampleCount" : 200,
    "errorCount" : 0,
    "errorPct" : 0.0,
    "meanResTime" : 2053.8099999999995,
    "medianResTime" : 1542.5,
    "minResTime" : 150.0,
    "maxResTime" : 15510.0,
    "pct1ResTime" : 3360.0,
    "pct2ResTime" : 4700.999999999998,
    "pct3ResTime" : 14350.230000000018,
    "throughput" : 2.43819183693373,
    "receivedKBytesPerSec" : 14.83392103915736,
    "sentKBytesPerSec" : 0.8500336775247476
  },
  "Login" : {
    "transaction" : "Login",
    "sampleCount" : 200,
    "errorCount" : 0,
    "errorPct" : 0.0,
    "meanResTime" : 1256.2599999999995,
    "medianResTime" : 932.0,
    "minResTime" : 189.0,
    "maxResTime" : 6539.0,
    "pct1ResTime" : 2711.4,
    "pct2ResTime" : 3375.9499999999994,
    "pct3ResTime" : 6238.880000000016,
    "throughput" : 2.301972790681614,
    "receivedKBytesPerSec" : 1.1150180704864068,
    "sentKBytesPerSec" : 0.6316937052554038
  }
}